RacingDate,RacingName,RacingNumber,RacingTime
2025-02-08,R1 Clermont Veterinary Surgery Mdn Plate,Race 1,2025-02-09
2025-02-08,R2 Gippsland Equine Hospital Mdn Plate,Race 2,2025-02-09
2025-02-08,R3 Scenie Rim Veterinary Service Mdn Plate,Race 3,2025-02-09
2025-02-08,R4 Bunbury Equine Hospital (Bm64),Race 4,2025-02-09
2025-02-08,R5 Hunter Equine Centre (Bm64),Race 5,2025-02-09
2025-02-08,R6 Southwest Equine Veterinary Group (Bm64),Race 6,2025-02-09
2025-02-08,R7 Victorian Equine Group (Bm64),Race 7,2025-02-09
2025-02-08,R1 Stacks Law Firm Country Boosted Mdn Hcp,Race 1,2025-02-09
2025-02-08,R2 Ray White Taree Hcp (C1),Race 2,2025-02-09
2025-02-08,R3 De Bortoli Wines Mdn Plate,Race 3,2025-02-09
2025-02-08,R4 Time For A Xxxx Mdn Plate,Race 4,2025-02-09
2025-02-08,R5 Tab Venue Mode Plate (C1),Race 5,2025-02-09
2025-02-08,R6 Tastefest On The Manning (Bm58),Race 6,2025-02-09
2025-02-08,R7 Happy Birthday Barbara Ball (Bm58),Race 7,2025-02-09
2025-02-08,R8 Stud & Stable Staff Awards Country Boosted (Bm58),Race 8,2025-02-09
2025-02-08,R1 Creative Stone Mdn Hcp,Race 1,2025-02-09
2025-02-08,R2 Coastal Style Constructions Mdn Hcp,Race 2,2025-02-09
2025-02-08,R3 Kook Digital Marketing Mdn Hcp,Race 3,2025-02-09
2025-02-08,R4 Sunny Advertising (Bm62),Race 4,2025-02-09
2025-02-08,R5 Double R Thoroughbreds (Bm70),Race 5,2025-02-09
2025-02-08,R6 Sherrin Rentals Hcp (C2),Race 6,2025-02-09
2025-02-08,R7 Bold Construction Group Hcp (C2),Race 7,2025-02-09
2025-02-08,R8 Tab (Bm58),Race 8,2025-02-09
2025-02-08,R1 Mcdonalds Shoalhaven Plate (C1),Race 1,2025-02-09
2025-02-08,R2 Stroud Homes Country Boosted Mdn Plate,Race 2,2025-02-09
2025-02-08,R3 Lighthouse Plumbing Country Boosted Championship Preview - Hcp (C4),Race 3,2025-02-09
2025-02-08,R4 Superior Turf Solutions Mdn Plate,Race 4,2025-02-09
2025-02-08,R5 Sutho Old Boys (Bm58),Race 5,2025-02-09
2025-02-08,R6 Wobbegongs Wsc Cjb (Bm58),Race 6,2025-02-09
2025-02-08,R7 Country Motor Company Super Mdn Hcp,Race 7,2025-02-09
2025-02-08,R1 The Jbm Group Mdn Plate,Race 1,2025-02-09
2025-02-08,R2 Kevin Sharkie Mdn Plate,Race 2,2025-02-09
2025-02-08,R3 Winning Edge Presentations (Bm68),Race 3,2025-02-09
2025-02-08,R4 Aviso Tas Insurance Brokers Strutt Stakes,Race 4,2025-02-09
2025-02-08,R5 Fred Westwood Memorial Hcp (C3),Race 5,2025-02-09
2025-02-08,R6 Ladbrokes Community Sports Series Plate (C1),Race 6,2025-02-09
2025-02-08,R7 Bec Thomas Mlc For Elwick Hcp (C5),Race 7,2025-02-09
2025-02-08,R8 Ladbrokes Hobart Cup,Race 8,2025-02-09
2025-02-08,R9 Wrest Point Thomas Lyons Stakes,Race 9,2025-02-09
2025-02-08,R10 Mingari + Co Hcp (C1),Race 10,2025-02-09
2025-02-08,R1 Tabtouch Mdn,Race 1,2025-02-09
2025-02-08,R2 Mt Barker Fire & Rescue Mdn,Race 2,2025-02-09
2025-02-08,R3 Southern Haulage Hcp (C2),Race 3,2025-02-09
2025-02-08,R4 Elders (Bm70+),Race 4,2025-02-09
2025-02-08,R5 Nutrien / Hubbard Agency (Bm58+),Race 5,2025-02-09
2025-02-08,R6 Racing Wa Provincial Championship Series Heat Hcp (C5),Race 6,2025-02-09
2025-02-08,R7 Wellington & Reeves Mount Barker Cup,Race 7,2025-02-09
2025-02-08,R8 Southern Haulage Hcp (C2),Race 8,2025-02-09
2025-02-08,R1 Mirboo North Hotel Mdn Plate,Race 1,2025-02-09
2025-02-08,R2 Fish Creek Hotel Mdn Plate,Race 2,2025-02-09
2025-02-08,R3 Inverloch Esplanade Hotel Mdn Plate,Race 3,2025-02-09
2025-02-08,R4 Meeniyan Hotel (Bm58),Race 4,2025-02-09
2025-02-08,R5 Foster Exchange Hotel Hcp (58),Race 5,2025-02-09
2025-02-08,R6 Middle Korumburra Hotel Hcp (58),Race 6,2025-02-09
2025-02-08,R7 San Remo Hotel (Bm58),Race 7,2025-02-09
2025-02-08,R1 The Tele Otaki Mdn,Race 1,2025-02-09
2025-02-08,R2 Ar Painters (Bm65),Race 2,2025-02-09
2025-02-08,R3 Vets On Riverbank 3Yo,Race 3,2025-02-09
2025-02-08,R4 New World Otaki (Bm65),Race 4,2025-02-09
2025-02-08,R5 Cavallo Farms & Chris Rutten Bloodstock (Bm75),Race 5,2025-02-09
2025-02-08,R6 Harcourts Otaki (Bm65),Race 6,2025-02-09
2025-02-08,R7 Mcmillan Equine Feeds Mdn,Race 7,2025-02-09
2025-02-08,13:03 NOVICES' HURDLE 2m 7f 70y,Race 1,2025-02-08
2025-02-08,13:38 NOVICES' HURDLE 1m 7f 168y,Race 2,2025-02-08
2025-02-08,14:13 NOVICE'S HANDICAP CHASE 1m 7f 214y,Race 3,2025-02-08
2025-02-08,14:48 HANDICAP CHASE 3m 0f 0y,Race 4,2025-02-08
2025-02-08,15:23 HANDICAP HURDLE 2m 3f 207y,Race 5,2025-02-08
2025-02-08,15:58 HANDICAP CHASE 3m 0f 0y,Race 6,2025-02-08
2025-02-08,16:33 HANDICAP HURDLE 2m 3f 207y,Race 7,2025-02-08
2025-02-08,13:15 NOVICES' HURDLE 2m 0f 69y,Race 1,2025-02-08
2025-02-08,13:50 HANDICAP HURDLE 3m 0f 52y,Race 2,2025-02-08
2025-02-08,14:25 EVENT 2m 7f 86y,Race 3,2025-02-08
2025-02-08,15:00 EVENT 2m 0f 92y,Race 4,2025-02-08
2025-02-08,15:35 HANDICAP HURDLE 2m 0f 69y,Race 5,2025-02-08
2025-02-08,16:10 NOVICE'S HANDICAP CHASE 2m 7f 86y,Race 6,2025-02-08
2025-02-08,16:45 FLAT 2m 0f 69y,Race 7,2025-02-08
2025-02-08,15:55 HANDICAP 1m 4f 99y,Race 1,2025-02-08
2025-02-08,16:28 HANDICAP 1m 2f 42y,Race 2,2025-02-08
2025-02-08,17:00 CLASSIFIED STAKES 0m 5f 0y,Race 3,2025-02-08
2025-02-08,17:30 HANDICAP 1m 0f 5y,Race 4,2025-02-08
2025-02-08,18:00 MAIDEN STAKES 1m 0f 5y,Race 5,2025-02-08
2025-02-08,18:30 HANDICAP 0m 5f 0y,Race 6,2025-02-08
2025-02-08,19:00 APPRENTICE HANDICAP 0m 6f 0y,Race 7,2025-02-08
2025-02-08,16:40 HANDICAP 1m 0f 142y,Race 1,2025-02-08
2025-02-08,17:15 HANDICAP 0m 5f 21y,Race 2,2025-02-08
2025-02-08,17:45 HANDICAP 1m 1f 104y,Race 3,2025-02-08
2025-02-08,18:15 EVENT 0m 7f 36y,Race 4,2025-02-08
2025-02-08,18:45 HANDICAP 0m 7f 36y,Race 5,2025-02-08
2025-02-08,19:15 CLASSIFIED STAKES 1m 0f 142y,Race 6,2025-02-08
2025-02-08,19:45 CLASSIFIED STAKES 1m 0f 142y,Race 7,2025-02-08
2025-02-08,20:15 HANDICAP 1m 4f 51y,Race 8,2025-02-08
2025-02-08,13:20 2M HURDLE 1m 7f 158yds,Race 1,2025-02-08
2025-02-08,13:55 2M 2 1/2F HURDLE 2m 2f 101yds,Race 2,2025-02-08
2025-02-08,14:30 2M 2 1/2F HURDLE 2m 2f 101yds,Race 3,2025-02-08
2025-02-08,15:05 2M HCAP HURDLE 1m 7f 158yds,Race 4,2025-02-08
2025-02-08,15:40 2M NH FLAT 1m 7f 158yds,Race 5,2025-02-08
2025-02-08,16:15 2M CHASE 2m,Race 6,2025-02-08
2025-02-08,16:50 3M 1F CHASE 3m 175yds,Race 7,2025-02-08
2025-02-08,14:25 6 1/2F STAKES 6f 102yds,Race 1,2025-02-08
2025-02-08,14:58 5 1/2F STAKES 5f 103yds,Race 2,2025-02-08
2025-02-08,15:35 1M STAKES 7f 210yds,Race 3,2025-02-08
2025-02-08,16:10 5 1/2F STAKES 5f 103yds,Race 4,2025-02-08
2025-02-08,16:45 1M 2 1/2F STAKES 1m 2f 97yds,Race 5,2025-02-08
2025-02-08,17:20 1M 2 1/2F STAKES 1m 2f 97yds,Race 6,2025-02-08
2025-02-08,12:45 2M 1 1/2F STAKES 2m 1f 88yds,Race 1,2025-02-09
2025-02-08,13:15 7 1/2F STAKES 7f 100yds,Race 2,2025-02-09
2025-02-08,13:50 2M 1 1/2F STAKES 2m 1f 88yds,Race 3,2025-02-09
2025-02-08,14:25 2M 4F STAKES 2m 3f 194yds,Race 4,2025-02-09
2025-02-08,15:00 6F STAKES 5f 212yds,Race 5,2025-02-09
2025-02-08,15:35 7 1/2F HCAP 7f 100yds,Race 6,2025-02-09
2025-02-08,16:10 1M 2F HCAP 1m 1f 207yds,Race 7,2025-02-09
2025-02-08,15:30 6F HCAP 5f 212yds,Race 1,2025-02-08
2025-02-08,15:55 6F STAKES 5f 212yds,Race 2,2025-02-08
2025-02-08,16:20 1M 1 1/2F HCAP 1m 1f 98yds,Race 3,2025-02-08
2025-02-08,16:46 6F HCAP 5f 212yds,Race 4,2025-02-08
2025-02-08,17:11 6F HCAP 5f 212yds,Race 5,2025-02-08
2025-02-08,17:36 6F HCAP 5f 212yds,Race 6,2025-02-08
2025-02-08,18:02 6F HCAP 5f 212yds,Race 7,2025-02-08
2025-02-08,18:27 6F STAKES 5f 212yds,Race 8,2025-02-08
2025-02-08,18:51 1M 2F STAKES 1m 1f 207yds,Race 9,2025-02-08
2025-02-08,19:18 6F HCAP 5f 212yds,Race 10,2025-02-08
2025-02-08,19:44 7F HCAP 6f 211yds,Race 11,2025-02-08
2025-02-08,20:10 6F STAKES 5f 212yds,Race 12,2025-02-08
2025-02-08,20:38 6F HCAP 5f 212yds,Race 13,2025-02-08
2025-02-08,21:05 6F HCAP 5f 212yds,Race 14,2025-02-08
2025-02-08,21:32 6F HCAP 5f 212yds,Race 15,2025-02-08
2025-02-08,22:02 6F HCAP 5f 212yds,Race 16,2025-02-08
2025-02-08,22:31 6F HCAP 5f 212yds,Race 17,2025-02-08
2025-02-08,22:59 6F HCAP 5f 212yds,Race 18,2025-02-08
2025-02-08,23:30 6F HCAP 5f 212yds,Race 19,2025-02-08
2025-02-08,00:00 6F HCAP 5f 212yds,Race 20,2025-02-09
2025-02-08,00:30 6F HCAP 5f 212yds,Race 21,2025-02-09
2025-02-08,17:30 6F STAKES 5f 212yds,Race 1,2025-02-08
2025-02-08,18:00 5 1/2F STAKES 5f 103yds,Race 2,2025-02-08
2025-02-08,18:30 5F STAKES 4f 214yds,Race 3,2025-02-08
2025-02-08,19:00 6F STAKES 5f 212yds,Race 4,2025-02-08
2025-02-08,19:30 6F STAKES 5f 212yds,Race 5,2025-02-08
2025-02-08,20:00 6F STAKES 5f 212yds,Race 6,2025-02-08
2025-02-08,20:30 5F STAKES 4f 214yds,Race 7,2025-02-08
2025-02-08,21:00 5F STAKES 4f 214yds,Race 8,2025-02-08
2025-02-08,21:30 1M 1F STAKES 1m 209yds,Race 9,2025-02-08
2025-02-08,22:00 5F STAKES 4f 214yds,Race 10,2025-02-08
2025-02-08,22:30 1M STAKES 7f 210yds,Race 11,2025-02-08
2025-02-08,23:00 1M STAKES 7f 210yds,Race 12,2025-02-08
2025-02-08,23:30 7F STAKES 6f 211yds,Race 13,2025-02-08
2025-02-08,00:00 6F STAKES 5f 212yds,Race 14,2025-02-09
2025-02-08,19:00 5F STAKES 5f,Race 1,2025-02-08
2025-02-08,19:25 6F STAKES 6f,Race 2,2025-02-08
2025-02-08,19:50 7F STAKES 7f,Race 3,2025-02-08
2025-02-08,20:15 7F STAKES 7f,Race 4,2025-02-08
2025-02-08,20:40 6F STAKES 6f,Race 5,2025-02-08
2025-02-08,21:05 6 1/2F STAKES 6f 110yds,Race 6,2025-02-08
2025-02-08,21:30 5F STAKES 5f,Race 7,2025-02-08
2025-02-08,21:55 5F STAKES 5f,Race 8,2025-02-08
2025-02-08,22:20 7F STAKES 7f,Race 9,2025-02-08
2025-02-08,22:45 5F STAKES 5f,Race 10,2025-02-08
2025-02-08,R1 Chene D'allouville Handicap - Awt,Race 1,2025-02-08
2025-02-08,R2 Du Gross-Chene De Liernu Handicap - Awt,Race 2,2025-02-08
2025-02-08,R3 Du Chene De La Ferme De Socquentot Handicap - Awt,Race 3,2025-02-08
2025-02-08,R4 Des Gentilhommieres Handicap - Awt,Race 4,2025-02-08
2025-02-08,R5 D'aregenua Maiden Stakes - Awt,Race 5,2025-02-08
2025-02-08,R6 De Vieux-La-Romaine Maiden Stakes - Awt,Race 6,2025-02-08
2025-02-08,R7 Des Cottages Handicap - Awt,Race 7,2025-02-08
2025-02-08,R8 Priolo Stakes - Awt,Race 8,2025-02-08
2025-02-08,R1 Download The Race Card Online Www.goldcircle.co.za Maiden Juvenile Plate,Race 1,2025-02-09
2025-02-08,R2 Umthombothi Stakes,Race 2,2025-02-09
2025-02-08,R3 Www.tabgold.co.za Maiden Plate,Race 3,2025-02-09
2025-02-08,R4 Online Form Guide Www.gallop.co.za Maiden Plate (F & M),Race 4,2025-02-09
2025-02-08,R5 Gallop Tv B Stakes,Race 5,2025-02-09
2025-02-08,R6 Gallop Tv Youtube Channel D Stakes,Race 6,2025-02-09
2025-02-08,R7 Open A Tabgold Account - 031 314 1874 Class 4 (F & M),Race 7,2025-02-09
2025-02-08,R8 Follow Gold Circle On Facebook Class 5,Race 8,2025-02-09
2025-02-08,R9 Hollywoodbets Bright Future Class 4,Race 9,2025-02-09
2025-02-08,11:00 1M STAKES 7f 210yds,Race 1,2025-02-09
2025-02-08,11:35 1M 1F STAKES 1m 209yds,Race 2,2025-02-09
2025-02-08,12:10 6F STAKES 5f 212yds,Race 3,2025-02-09
2025-02-08,12:45 1M 3F HCAP 1m 2f 206yds,Race 4,2025-02-09
2025-02-08,13:25 1M 3F HCAP 1m 2f 206yds,Race 5,2025-02-09
2025-02-08,20:30 EVENT 0m 6f 0y,Race 1,2025-02-08
2025-02-08,00:04 EVENT 0m 6f 0y,Race 1,2025-02-09
2025-02-08,21:04 EVENT 0m 6f 0y,Race 2,2025-02-08
2025-02-08,00:34 EVENT 0m 6f 110y,Race 2,2025-02-09
2025-02-08,21:34 EVENT 0m 6f 110y,Race 3,2025-02-08
2025-02-08,01:04 EVENT 1m 0f 0y,Race 3,2025-02-09
2025-02-08,22:04 EVENT 0m 5f 110y,Race 4,2025-02-08
2025-02-08,22:34 EVENT 1m 0f 0y,Race 5,2025-02-08
2025-02-08,23:04 EVENT 0m 6f 0y,Race 6,2025-02-08
2025-02-08,23:34 EVENT 1m 2f 0y,Race 7,2025-02-08
2025-02-08,17:05 EVENT 1m 0f 39y,Race 1,2025-02-08
2025-02-08,17:35 EVENT 1m 0f 110y,Race 2,2025-02-08
2025-02-08,18:05 EVENT 0m 6f 110y,Race 3,2025-02-08
2025-02-08,18:35 EVENT 1m 0f 0y,Race 4,2025-02-08
2025-02-08,19:14 EVENT 0m 6f 0y,Race 5,2025-02-08
2025-02-08,19:44 EVENT 0m 6f 0y,Race 6,2025-02-08
2025-02-08,20:14 EVENT 1m 0f 39y,Race 7,2025-02-08
2025-02-08,20:44 EVENT 1m 1f 0y,Race 8,2025-02-08
2025-02-08,21:14 EVENT 1m 0f 39y,Race 9,2025-02-08
2025-02-08,21:44 EVENT 1m 0f 110y,Race 10,2025-02-08
2025-02-08,22:14 EVENT 1m 0f 110y,Race 11,2025-02-08
2025-02-08,22:44 EVENT 1m 1f 0y,Race 12,2025-02-08
2025-02-08,17:20 EVENT 1m 0f 0y,Race 1,2025-02-08
2025-02-08,17:49 EVENT 1m 0f 110y,Race 2,2025-02-08
2025-02-08,18:19 EVENT 0m 5f 0y,Race 3,2025-02-08
2025-02-08,18:50 EVENT 1m 0f 0y,Race 4,2025-02-08
2025-02-08,19:20 EVENT 0m 6f 0y,Race 5,2025-02-08
2025-02-08,19:50 EVENT 0m 5f 110y,Race 6,2025-02-08
2025-02-08,20:20 EVENT 0m 5f 110y,Race 7,2025-02-08
2025-02-08,20:50 EVENT 0m 6f 0y,Race 8,2025-02-08
2025-02-08,21:20 EVENT 0m 6f 0y,Race 9,2025-02-08
2025-02-08,21:49 EVENT 0m 5f 0y,Race 10,2025-02-08
2025-02-08,22:18 EVENT 0m 5f 0y,Race 11,2025-02-08
2025-02-08,22:48 EVENT 1m 0f 0y,Race 12,2025-02-08
2025-02-08,17:25 EVENT 1m 0f 110y,Race 1,2025-02-08
2025-02-08,18:03 EVENT 0m 7f 0y,Race 2,2025-02-08
2025-02-08,18:34 EVENT 1m 0f 110y,Race 3,2025-02-08
2025-02-08,19:10 EVENT 1m 0f 110y,Race 4,2025-02-08
2025-02-08,19:42 EVENT 1m 0f 0y,Race 5,2025-02-08
2025-02-08,20:13 EVENT 1m 0f 0y,Race 6,2025-02-08
2025-02-08,20:43 EVENT 0m 5f 110y,Race 7,2025-02-08
2025-02-08,21:13 EVENT 0m 7f 0y,Race 8,2025-02-08
2025-02-08,21:43 EVENT 0m 6f 0y,Race 9,2025-02-08
2025-02-08,18:30 EVENT 1m 0f 110y,Race 1,2025-02-08
2025-02-08,19:00 EVENT 1m 0f 0y,Race 2,2025-02-08
2025-02-08,19:28 EVENT 0m 6f 0y,Race 3,2025-02-08
2025-02-08,19:56 EVENT 0m 6f 0y,Race 4,2025-02-08
2025-02-08,20:26 EVENT 1m 0f 0y,Race 5,2025-02-08
2025-02-08,20:56 EVENT 1m 0f 0y,Race 6,2025-02-08
2025-02-08,21:26 EVENT 0m 6f 0y,Race 7,2025-02-08
2025-02-08,21:55 EVENT 0m 6f 0y,Race 8,2025-02-08
2025-02-08,22:25 EVENT 1m 0f 110y,Race 9,2025-02-08
2025-02-08,22:55 EVENT 1m 0f 0y,Race 10,2025-02-08
2025-02-08,19:00 EVENT 0m 7f 0y,Race 1,2025-02-08
2025-02-08,19:30 EVENT 1m 0f 0y,Race 2,2025-02-08
2025-02-08,20:05 EVENT 1m 0f 0y,Race 3,2025-02-08
2025-02-08,20:40 EVENT 0m 6f 110y,Race 4,2025-02-08
2025-02-08,21:15 EVENT 0m 5f 0y,Race 5,2025-02-08
2025-02-08,21:45 EVENT 0m 6f 0y,Race 6,2025-02-08
2025-02-08,22:15 EVENT 1m 0f 0y,Race 7,2025-02-08
2025-02-08,22:45 EVENT 0m 5f 0y,Race 8,2025-02-08
2025-02-08,22:50 5F STAKES 5f,Race 1,2025-02-08
2025-02-08,00:14 5F STAKES 5f,Race 1,2025-02-09
2025-02-08,23:18 7F STAKES 7f,Race 2,2025-02-08
2025-02-08,00:42 6 1/2F STAKES 6f 110yds,Race 2,2025-02-09
2025-02-08,23:46 7F STAKES 7f,Race 3,2025-02-08
2025-02-08,01:10 5F STAKES 5f,Race 3,2025-02-09
2025-02-08,01:38 6 1/2F STAKES 6f 110yds,Race 4,2025-02-09
2025-02-08,02:06 6 1/2F STAKES 6f 110yds,Race 5,2025-02-09
2025-02-08,02:34 5F STAKES 5f,Race 6,2025-02-09
2025-02-08,22:55 EVENT 1m 0f 0y,Race 1,2025-02-08
2025-02-08,00:25 EVENT 1m 0f 0y,Race 1,2025-02-09
2025-02-08,23:25 EVENT 1m 0f 0y,Race 2,2025-02-08
2025-02-08,00:55 EVENT 0m 6f 0y,Race 2,2025-02-09
2025-02-08,23:55 EVENT 0m 6f 110y,Race 3,2025-02-08
2025-02-08,01:25 EVENT 1m 0f 0y,Race 3,2025-02-09
2025-02-08,01:55 EVENT 0m 6f 110y,Race 4,2025-02-09
2025-02-08,02:25 EVENT 1m 0f 0y,Race 5,2025-02-09
2025-02-08,02:55 EVENT 1m 0f 0y,Race 6,2025-02-09
2025-02-08,03:25 EVENT 0m 6f 0y,Race 7,2025-02-09
2025-02-08,R1 Race 1 - Allowance,Race 1,2025-02-09
2025-02-08,R2 Race 2 - Allowance,Race 2,2025-02-09
2025-02-08,R3 Race 3 - Maiden,Race 3,2025-02-09
2025-02-08,R4 Race 4 - Maiden,Race 4,2025-02-09
2025-02-08,R5 Race 5 - Allowance,Race 5,2025-02-09
2025-02-08,R6 Race 6 - Claiming,Race 6,2025-02-09
2025-02-08,R7 Race 7 - Claiming,Race 7,2025-02-09
2025-02-08,R8 Race 8 - Maiden,Race 8,2025-02-09
2025-02-08,R9 Race 9 - Allowance,Race 9,2025-02-09
2025-02-08,17:40 EVENT 0m 7f 0y,Race 1,2025-02-08
2025-02-08,18:10 EVENT 0m 7f 0y,Race 2,2025-02-08
2025-02-08,18:38 EVENT 0m 7f 0y,Race 3,2025-02-08
2025-02-08,19:08 EVENT 0m 6f 0y,Race 4,2025-02-08
2025-02-08,19:38 EVENT 0m 6f 110y,Race 5,2025-02-08
2025-02-08,20:08 EVENT 0m 6f 110y,Race 6,2025-02-08
2025-02-08,20:38 EVENT 0m 6f 0y,Race 7,2025-02-08
2025-02-08,21:08 EVENT 0m 7f 0y,Race 8,2025-02-08
2025-02-08,21:38 EVENT 0m 6f 0y,Race 9,2025-02-08
2025-02-08,19:25 EVENT 0m 3f 210y,Race 1,2025-02-08
2025-02-08,19:51 EVENT 0m 3f 210y,Race 2,2025-02-08
2025-02-08,20:17 EVENT 0m 1f 130y,Race 3,2025-02-08
2025-02-08,20:43 EVENT 0m 1f 180y,Race 4,2025-02-08
2025-02-08,21:09 EVENT 0m 1f 180y,Race 5,2025-02-08
2025-02-08,21:37 EVENT 0m 1f 180y,Race 6,2025-02-08
2025-02-08,22:04 EVENT 0m 1f 180y,Race 7,2025-02-08
2025-02-08,22:32 EVENT 0m 1f 180y,Race 8,2025-02-08
2025-02-08,23:00 EVENT 0m 1f 130y,Race 9,2025-02-08
2025-02-08,23:00 EVENT 0m 5f 110y,Race 1,2025-02-08
2025-02-08,00:04 EVENT 0m 6f 0y,Race 1,2025-02-09
2025-02-08,23:32 EVENT 1m 0f 110y,Race 2,2025-02-08
2025-02-08,00:36 EVENT 0m 6f 0y,Race 2,2025-02-09
2025-02-08,01:08 EVENT 1m 0f 70y,Race 3,2025-02-09
2025-02-08,01:40 EVENT 1m 0f 0y,Race 4,2025-02-09
2025-02-08,02:12 EVENT 0m 6f 0y,Race 5,2025-02-09
2025-02-08,02:44 EVENT 0m 6f 0y,Race 6,2025-02-09
2025-02-08,00:00 EVENT 0m 4f 110y,Race 1,2025-02-09
2025-02-08,00:32 EVENT 0m 4f 110y,Race 2,2025-02-09
2025-02-08,01:02 EVENT 0m 4f 110y,Race 3,2025-02-09
2025-02-08,01:32 EVENT 0m 6f 110y,Race 4,2025-02-09
2025-02-08,02:02 EVENT 0m 6f 110y,Race 5,2025-02-09
2025-02-08,02:32 EVENT 0m 4f 110y,Race 6,2025-02-09
2025-02-08,03:02 EVENT 0m 4f 110y,Race 7,2025-02-09
2025-02-08,03:32 EVENT 0m 6f 110y,Race 8,2025-02-09
2025-02-08,R1 Seoul,Race 1,2025-02-09
2025-02-08,R2 Seoul,Race 2,2025-02-09
2025-02-08,R3 Seoul,Race 3,2025-02-09
2025-02-08,R4 Seoul,Race 4,2025-02-09
2025-02-08,R5 Seoul,Race 5,2025-02-09
2025-02-08,R6 Seoul,Race 6,2025-02-09
2025-02-08,R7 Seoul,Race 7,2025-02-09
2025-02-08,R8 Seoul,Race 8,2025-02-09
2025-02-08,R9 Seoul,Race 9,2025-02-09
2025-02-08,R10 Seoul,Race 10,2025-02-09
2025-02-08,R11 Seoul,Race 11,2025-02-09
2025-02-08,R1 Busan,Race 1,2025-02-09
2025-02-08,R2 Busan,Race 2,2025-02-09
2025-02-08,R3 Busan,Race 3,2025-02-09
2025-02-08,R4 Busan,Race 4,2025-02-09
2025-02-08,R5 Busan,Race 5,2025-02-09
2025-02-08,R6 Busan,Race 6,2025-02-09
2025-02-08,R1 Selangor,Race 1,2025-02-09
2025-02-08,R2 Selangor,Race 2,2025-02-09
2025-02-08,R3 Selangor,Race 3,2025-02-09
2025-02-08,R4 Selangor,Race 4,2025-02-09
2025-02-08,R5 Selangor,Race 5,2025-02-09
2025-02-08,R6 Selangor,Race 6,2025-02-09
2025-02-08,R7 Selangor,Race 7,2025-02-09
2025-02-08,R8 Selangor,Race 8,2025-02-09
2025-02-08,R9 Selangor,Race 9,2025-02-09
2025-02-08,R10 Selangor,Race 10,2025-02-09
2025-02-08,R11 Selangor,Race 11,2025-02-09
2025-02-08,R1 Findlay & Weymouth Pharmacy,Race 1,2025-02-09
2025-02-08,R2 John Elliman Real Estate,Race 2,2025-02-09
2025-02-08,R3 Hillross Riviera Financial/Carmody Tyres,Race 3,2025-02-09
2025-02-08,R4 Randford's Meats Damsels Dash (1-4 Wins),Race 4,2025-02-09
2025-02-08,R5 Sportsbet Final (1-4 Wins),Race 5,2025-02-09
2025-02-08,R6 Tequa  Plumbing & Civil/Hec Whykes Auto,Race 6,2025-02-09
2025-02-08,R7 Kcr Conveyancing,Race 7,2025-02-09
2025-02-08,R8 Ontrac Mortgage Broking,Race 8,2025-02-09
2025-02-08,R9 Bcs Accounting Damsels Dash (1-4 Wins),Race 9,2025-02-09
2025-02-08,R10 Marathon Electrical,Race 10,2025-02-09
2025-02-08,R11 Garron Homes,Race 11,2025-02-09
2025-02-08,R12 Sportsbet Same Race Multi,Race 12,2025-02-09
2025-02-08,R1 Sportsbet Nobody Does It Easier,Race 1,2025-02-09
2025-02-08,R2 Healesville Physio & Sports Medicine,Race 2,2025-02-09
2025-02-08,R3 Gorski Engineering,Race 3,2025-02-09
2025-02-08,R4 Montrose Iga Liquor,Race 4,2025-02-09
2025-02-08,R5 Grv Vicbred Series Ht1,Race 5,2025-02-09
2025-02-08,R6 Grv Vicbred Series Ht2,Race 6,2025-02-09
2025-02-08,R7 Grv Vicbred Series Ht3,Race 7,2025-02-09
2025-02-08,"R8 ""The Shed"" @ Healesville Greys",Race 8,2025-02-09
2025-02-08,R9 Jason Mckeown Photography,Race 9,2025-02-09
2025-02-08,R10 Central Scaffolds,Race 10,2025-02-09
2025-02-08,R11 Pitstop Mower Repairs,Race 11,2025-02-09
2025-02-08,R12 Sportsbet Bs Responsibly,Race 12,2025-02-09
2025-02-08,R1 Box 1 Photography Maiden F,Race 1,2025-02-09
2025-02-08,R2 Brisgreys.com,Race 2,2025-02-09
2025-02-08,R3 Ladbrokes Mates Mode Pots,Race 3,2025-02-09
2025-02-08,R4 Rosewood Veterinary Service,Race 4,2025-02-09
2025-02-08,R5 Sky Racing,Race 5,2025-02-09
2025-02-08,R6 Garrard's Horse And Hound 5Th Grade F,Race 6,2025-02-09
2025-02-08,R7 Ladbrokes Bet Ticker,Race 7,2025-02-09
2025-02-08,R8 Sennachie @ Stud - Steve White,Race 8,2025-02-09
2025-02-08,R9 Gorski Tippers Yatala,Race 9,2025-02-09
2025-02-08,R10 Ladbrokes Odds Surge,Race 10,2025-02-09
2025-02-08,R11 Kedron Wavell Services Club,Race 11,2025-02-09
2025-02-08,R12 Walloon Hotel,Race 12,2025-02-09
2025-02-08,R1 Bistro Open For Dinner Maiden,Race 1,2025-02-09
2025-02-08,R2 Kids Meals $10 Maiden,Race 2,2025-02-09
2025-02-08,R3 Ladbrokes Blackbook,Race 3,2025-02-09
2025-02-08,R4 Visit Wickcoffee.com,Race 4,2025-02-09
2025-02-08,R5 Derby & Oaks Heats Coming 21 Feb,Race 5,2025-02-09
2025-02-08,R6 Steeline Riverstone 1-3 Win,Race 6,2025-02-09
2025-02-08,R7 Ladbrokes Punter Assist 1-3 Win,Race 7,2025-02-09
2025-02-08,R8 Flying Ricciardo At Stud 1-3 Win,Race 8,2025-02-09
2025-02-08,R9 Ladbrokes Odds Surge 1-3 Win,Race 9,2025-02-09
2025-02-08,R10 Ladbrokes Communities 1-3 Win,Race 10,2025-02-09
2025-02-08,R11 The Lids Fly On Ladbrokes Live,Race 11,2025-02-09
2025-02-08,R12 Everyone Is Welcome At Rrc Masters,Race 12,2025-02-09
2025-02-08,R1 Produce Store Mixed Stake Pr1 Division1,Race 1,2025-02-09
2025-02-08,R2 Winning Post Supplies Maiden Stake Pr1 Division1,Race 2,2025-02-09
2025-02-08,R3 Carlin & Gazzard Maiden Stake Pr1 Division1,Race 3,2025-02-09
2025-02-08,R4 Gordon Refrigeration Juvenile Stake Pr1 Division1,Race 4,2025-02-09
2025-02-08,R5 Federal Hotel Stake Pr1 Division1,Race 5,2025-02-09
2025-02-08,R6 Da'leni Meats Stake Pr1 Division2,Race 6,2025-02-09
2025-02-08,R7 Commercial Hotel Stake Pr1 Division1,Race 7,2025-02-09
2025-02-08,R8 Cadillac Racing Mixed Stake Pr1 Division1,Race 8,2025-02-09
2025-02-08,R9 Metal Worx Mixed Stake Pr1 Division1,Race 9,2025-02-09
2025-02-08,R10 Williams Crane Hire Open Stake Pr1 Division1,Race 10,2025-02-09
2025-02-08,R11 Todd Photographics Grade 6 Series F Pr1 Division1,Race 11,2025-02-09
2025-02-08,R12 Klaassens Contractors Mixed Stake Pr1 Division1,Race 12,2025-02-09
2025-02-08,R1 Fresh Pet Food Co (N/P) Stake Pr1 Division1,Race 1,2025-02-09
2025-02-08,R2 Daish Irrigation And Fodder Stake Pr1 Division1,Race 2,2025-02-09
2025-02-08,R3 Sky Racing Stake Pr1 Division2,Race 3,2025-02-09
2025-02-08,R4 Grsa.com.au Grade 6 Series F Pr1 Division1,Race 4,2025-02-09
2025-02-08,R5 Spry Civil Constructions Stake Pr1 Division1,Race 5,2025-02-09
2025-02-08,R6 Fischer Motors Stake Pr1 Division1,Race 6,2025-02-09
2025-02-08,R7 Greyhounds As Pets Mixed Stake Pr1 Division1,Race 7,2025-02-09
2025-02-08,R8 First National Real Estate Murray Bridge Grade 5 S,Race 8,2025-02-09
2025-02-08,R9 @Thedogssa Stake Pr1 Division1,Race 9,2025-02-09
2025-02-08,R1 Capalaba Car World,Race 1,2025-02-09
2025-02-08,R2 Just Greyhound Photos,Race 2,2025-02-09
2025-02-08,R3 Wynnum Haulage 1-3 Wins H,Race 3,2025-02-09
2025-02-08,R4 Amj Engineering & Fabrication 1-3 Wins H,Race 4,2025-02-09
2025-02-08,R5 Swoosh Finance,Race 5,2025-02-09
2025-02-08,R6 Race Revolution Timing Systems,Race 6,2025-02-09
2025-02-08,R7 Annual Pest Management,Race 7,2025-02-09
2025-02-08,R8 Jeffery Jones Celebration Of Life 5Th Grade F,Race 8,2025-02-09
2025-02-08,R9 Www.ontheclock.com.au,Race 9,2025-02-09
2025-02-08,R10 Trevor Mcsherry Classic,Race 10,2025-02-09
2025-02-08,R1 75 Years Of Racing At Bulli 2025 Maiden,Race 1,2025-02-09
2025-02-08,R2 Ladbrokes Blackbook Masters,Race 2,2025-02-09
2025-02-08,R3 Ladbrokes Bet Ticker 0-3 Win,Race 3,2025-02-09
2025-02-08,R4 Tle Electrical Wollongong,Race 4,2025-02-09
2025-02-08,R5 Live Music Cup Night Feb 16Th,Race 5,2025-02-09
2025-02-08,R6 Cyril Rowe Ladbrokes Gold Cup Heat 1 H,Race 6,2025-02-09
2025-02-08,R7 Cyril Rowe Ladbrokes Gold Cup Heat 2 H,Race 7,2025-02-09
2025-02-08,R8 Cyril Rowe Ladbrokes Gold Cup Heat 3 H,Race 8,2025-02-09
2025-02-08,R9 Punters Love Bulli,Race 9,2025-02-09
2025-02-08,R10 Ladbrokes Odds Surge 1-3 Win Heat 1 H,Race 10,2025-02-09
2025-02-08,R11 Ladbrokes Communities 1-3 Win Heat 2 H,Race 11,2025-02-09
2025-02-08,R12 Ladbrokes Fast Withdrawals,Race 12,2025-02-09
2025-02-08,R1 Vamoose @ Stud 0-1 Win Heat 1 H,Race 1,2025-02-09
2025-02-08,R2 Vamoose @ Stud 0-1 Win Heat 2 H,Race 2,2025-02-09
2025-02-08,R3 Vamoose @ Stud 0-1 Win Heat 3 H,Race 3,2025-02-09
2025-02-08,R4 Vamoose @ Stud 0-1 Win Heat 4 H,Race 4,2025-02-09
2025-02-08,R5 Valley Protective Services 0-1 Win Final F,Race 5,2025-02-09
2025-02-08,R6 Ladbrokes Odds Surge,Race 6,2025-02-09
2025-02-08,R7 Advanced Electrical & Data,Race 7,2025-02-09
2025-02-08,R8 Ladbrokes Communities Masters,Race 8,2025-02-09
2025-02-08,R9 Phil Mclennan Earthmoving,Race 9,2025-02-09
2025-02-08,R10 Fair Dinkum Builds Cv Sheds,Race 10,2025-02-09
2025-02-08,R11 Ladbrokes Punter Assist,Race 11,2025-02-09
2025-02-08,R12 Ladbrokes Mates Mode Pots,Race 12,2025-02-09
2025-02-08,R1 Btc Constructions Dash Division1,Race 1,2025-02-09
2025-02-08,R2 Hyland Sportswear Dash Division1,Race 2,2025-02-09
2025-02-08,R3 Knl Fire Solutions Dash Division1,Race 3,2025-02-09
2025-02-08,R4 Arafura Catering Equipment Sprint Nt Lightning Paw,Race 4,2025-02-09
2025-02-08,R5 Sba Office National Dash Division1,Race 5,2025-02-09
2025-02-08,R6 Darwin Greyhound Rehoming Bingo Dash Division1,Race 6,2025-02-09
2025-02-08,R7 Asian-United Food Service Dash Division1,Race 7,2025-02-09
2025-02-08,R8 Tab Dash Division1,Race 8,2025-02-09
2025-02-08,R9 Sky Racing Dash Division2,Race 9,2025-02-09
2025-02-08,R1 Follow Auckland Grc On Facebook Sprint Pbd,Race 1,2025-02-08
2025-02-08,R2 Greyhounds Make Great Pets Sprint Pbd,Race 2,2025-02-08
2025-02-08,R3 Book Your Function @ Sportsbowl Function Centre,Race 3,2025-02-09
2025-02-08,R4 All The News At Trackside.co.nz Sprint Pbd,Race 4,2025-02-09
2025-02-08,R5 Mps Fencing Stakes Pbd,Race 5,2025-02-09
2025-02-08,R6 Our Dogs Love To Race Sprint Pbd,Race 6,2025-02-09
2025-02-08,R7 Pump & Engineering Services Ltd Stakes Pbd,Race 7,2025-02-09
2025-02-08,R8 May Hounds Greyhound Rehoming Group Sprint Pbd,Race 8,2025-02-09
2025-02-08,R9 Hewlett Electrical Sprint Pbd,Race 9,2025-02-09
2025-02-08,R10 Mt Wellington Tab Stakes,Race 10,2025-02-09
2025-02-08,R11 Racing @ Cambridge 16/2 Sprint Pbd,Race 11,2025-02-09
2025-02-08,R12 Sportsbowl Function Centre Sprint Pbd,Race 12,2025-02-09
2025-02-08,14:23 Saturday 8th February 2025 480yds,Race 1,2025-02-08
2025-02-08,14:41 Newcastle Greyhound Stadium Stakes 480yds,Race 2,2025-02-08
2025-02-08,15:01 Greyhounds Make Great Pets Stakes 480yds,Race 3,2025-02-08
2025-02-08,15:19 @NewcastleDogs On Twitter Stakes 480yds,Race 4,2025-02-08
2025-02-08,15:38 #Lovethedogs Stakes 480yds,Race 5,2025-02-08
2025-02-08,15:57 Arena Racing Company Stakes 480yds,Race 6,2025-02-08
2025-02-08,16:16 Watch PGR on Sky Sports Racing Stakes 480yds,Race 7,2025-02-08
2025-02-08,16:34 Follow Newcastle Greyhounds On Facebook Stakes 480yds,Race 8,2025-02-08
2025-02-08,16:53 www.newcastle-greyhounds.co.uk Stakes 480yds,Race 9,2025-02-08
2025-02-08,17:12 PGR on Sky Sports Red Button Stakes 480yds,Race 10,2025-02-08
2025-02-08,17:31 Newcastle Greyhound Stadium Stakes 480yds,Race 11,2025-02-08
2025-02-08,17:49 The Future of Racing: PGR TV Stakes 480yds,Race 12,2025-02-08
2025-02-08,14:31 SWINDON 476yds,Race 1,2025-02-08
2025-02-08,14:49 SWINDON 476yds,Race 2,2025-02-08
2025-02-08,15:09 SWINDON 476yds,Race 3,2025-02-08
2025-02-08,15:27 SWINDON 682yds,Race 4,2025-02-08
2025-02-08,15:47 SWINDON 476yds,Race 5,2025-02-08
2025-02-08,16:04 SWINDON 476yds,Race 6,2025-02-08
2025-02-08,16:24 SWINDON 262yds,Race 7,2025-02-08
2025-02-08,16:42 SWINDON 476yds,Race 8,2025-02-08
2025-02-08,17:01 SWINDON 476yds,Race 9,2025-02-08
2025-02-08,17:19 SWINDON 476yds,Race 10,2025-02-08
2025-02-08,17:37 SWINDON 476yds,Race 11,2025-02-08
2025-02-08,17:57 SWINDON 262yds,Race 12,2025-02-08
2025-02-08,17:47 450mtrs (A7) 450mtrs,Race 1,2025-02-08
2025-02-08,18:04 253mtrs (D2) 253mtrs,Race 2,2025-02-08
2025-02-08,18:21 450mtrs (A3) 450mtrs,Race 3,2025-02-08
2025-02-08,18:39 450mtrs (A5) 450mtrs,Race 4,2025-02-08
2025-02-08,18:56 450mtrs (A1) 450mtrs,Race 5,2025-02-08
2025-02-08,19:14 450mtrs (A1) 450mtrs,Race 6,2025-02-08
2025-02-08,19:31 253mtrs (OR) 253mtrs,Race 7,2025-02-08
2025-02-08,19:51 450mtrs (A2) 450mtrs,Race 8,2025-02-08
2025-02-08,20:09 253mtrs (OR) 253mtrs,Race 9,2025-02-08
2025-02-08,20:26 650mtrs (OR) 650mtrs,Race 10,2025-02-08
2025-02-08,20:43 450mtrs (OR) 450mtrs,Race 11,2025-02-08
2025-02-08,21:01 450mtrs (OR) 450mtrs,Race 12,2025-02-08
2025-02-08,21:18 650mtrs (OR) 650mtrs,Race 13,2025-02-08
2025-02-08,18:08 HOVE 500yds,Race 1,2025-02-08
2025-02-08,18:26 HOVE 500yds,Race 2,2025-02-08
2025-02-08,18:42 HOVE 500yds,Race 3,2025-02-08
2025-02-08,18:59 HOVE 500yds,Race 4,2025-02-08
2025-02-08,19:16 ADRIAN ROSE 500yds,Race 5,2025-02-08
2025-02-08,19:33 GEOFF CLIFFORD 80TH BIRTHDAY STAKES 285yds,Race 6,2025-02-08
2025-02-08,19:49 LEIGH TURNER STAG DO STAKES 500yds,Race 7,2025-02-08
2025-02-08,20:07 CHARLIE GRIFFITHS MEMORIAL CUP 500yds,Race 8,2025-02-08
2025-02-08,20:24 CONGRATULATIONS PATRICIA WAITE ON YOUR 20 YEARS SERVICE 500yds,Race 9,2025-02-08
2025-02-08,20:41 HOVE 500yds,Race 10,2025-02-08
2025-02-08,20:59 HOVE 500yds,Race 11,2025-02-08
2025-02-08,21:16 HOVE 500yds,Race 12,2025-02-08
2025-02-08,18:11 275mtrs (D4) 275mtrs,Race 1,2025-02-08
2025-02-08,18:29 450mtrs (OR) 450mtrs,Race 2,2025-02-08
2025-02-08,18:46 450mtrs (B1) 450mtrs,Race 3,2025-02-08
2025-02-08,19:04 450mtrs (OR) 450mtrs,Race 4,2025-02-08
2025-02-08,19:24 275mtrs (D3) 275mtrs,Race 5,2025-02-08
2025-02-08,19:42 483mtrs (OR) 483mtrs,Race 6,2025-02-08
2025-02-08,19:58 450mtrs (B5) 450mtrs,Race 7,2025-02-08
2025-02-08,20:16 483mtrs (OR) 483mtrs,Race 8,2025-02-08
2025-02-08,20:34 450mtrs (B3) 450mtrs,Race 9,2025-02-08
2025-02-08,20:52 275mtrs (D1) 275mtrs,Race 10,2025-02-08
2025-02-08,18:31 LADBROKES WINTER DERBY 2025 (HEAT 1) 480yds,Race 1,2025-02-08
2025-02-08,18:48 LADBROKES WINTER DERBY 2025 (HEAT 2) 480yds,Race 2,2025-02-08
2025-02-08,19:06 LADBROKES WINTER DERBY 2025 (HEAT 3) 480yds,Race 3,2025-02-08
2025-02-08,19:22 LADBROKES WINTER DERBY 2025 (HEAT 4) 480yds,Race 4,2025-02-08
2025-02-08,19:39 LADBROKES WINTER DERBY 2025 (HEAT 5) 480yds,Race 5,2025-02-08
2025-02-08,19:56 LADBROKES WINTER DERBY 2025 (HEAT 6) 480yds,Race 6,2025-02-08
2025-02-08,20:13 3 WINS IN A ROW COOLOGUE PEST 480yds,Race 7,2025-02-08
2025-02-08,20:31 MONMORE DOG OF THE MONTH OCTOBER 2024 VIXONS FILOFAX/ 4 WINS IN A ROW 480yds,Race 8,2025-02-08
2025-02-08,20:47 3 WINS IN A ROW AERO BECKS / HAPPY BIRTHDAY RACHAEL 480yds,Race 9,2025-02-08
2025-02-08,21:04 MONMORE 264yds,Race 10,2025-02-08
2025-02-08,21:23 MONMORE 480yds,Race 11,2025-02-08
2025-02-08,21:39 MONMORE 480yds,Race 12,2025-02-08
2025-02-08,18:37 Saturday 8th February 2025 277yds,Race 1,2025-02-08
2025-02-08,"18:53 We race every Monday afternoon, Tuesday night, Friday morning and Saturday night 491yds",Race 2,2025-02-08
2025-02-08,19:11 CENTRAL PARK 277yds,Race 3,2025-02-08
2025-02-08,19:27 ARC Bitches Trophy 491yds,Race 4,2025-02-08
2025-02-08,19:44 Killuran Bella 50th Race 277yds,Race 5,2025-02-08
2025-02-08,20:01 CENTRAL PARK 491yds,Race 6,2025-02-08
2025-02-08,20:19 CENTRAL PARK 491yds,Race 7,2025-02-08
2025-02-08,20:36 CENTRAL PARK 277yds,Race 8,2025-02-08
2025-02-08,20:54 CENTRAL PARK 277yds,Race 9,2025-02-08
2025-02-08,21:11 Watch PGR On Sky Sports Racing 491yds,Race 10,2025-02-08
2025-02-08,21:28 CENTRAL PARK 277yds,Race 11,2025-02-08
2025-02-08,21:46 The future of racing: PGR TV 491yds,Race 12,2025-02-08
2025-02-08,19:01 JENNINGSBET BEST ODDS GUARANTEED STAKES 480yds,Race 1,2025-02-08
2025-02-08,19:18 PERRY BARR 480yds,Race 2,2025-02-08
2025-02-08,19:36 WATCH PGR ON SKY SPORTS RACING 480yds,Race 3,2025-02-08
2025-02-08,19:53 PERRY BARR 275yds,Race 4,2025-02-08
2025-02-08,20:11 THE FUTURE OF RACING: PGR TV 480yds,Race 5,2025-02-08
2025-02-08,20:28 PERRY BARR 275yds,Race 6,2025-02-08
2025-02-08,20:44 WATCH PGR ON SKY SPORTS RED BUTTON 275yds,Race 7,2025-02-08
2025-02-08,21:02 HAPPY 70TH BIRTHDAY CHRIS REYNOLDS 480yds,Race 8,2025-02-08
2025-02-08,21:20 WATCH PGR ON GREYHOUNDS.ATTHERACES.COM 480yds,Race 9,2025-02-08
2025-02-08,21:36 PERRY BARR 480yds,Race 10,2025-02-08
2025-02-08,21:52 PERRY BARR 480yds,Race 11,2025-02-08
2025-02-08,22:11 PERRY BARR 480yds,Race 12,2025-02-08
2025-02-08,19:08 ROMFORD Saturday Night 8th February 2025 PGR Meeting 400yds,Race 1,2025-02-08
2025-02-08,19:25 PREMIER GREYHOUND RACING ON SKY SPORTS RACING 400yds,Race 2,2025-02-08
2025-02-08,19:41 FOSTER A GREYHOUND 400yds,Race 3,2025-02-08
2025-02-08,19:59 ASHWELLS GREYHOUND RETIREMENT HOME 400yds,Race 4,2025-02-08
2025-02-08,20:17 JOIN THE TIME CLUB A11 SWEEPSTAKE 400yds,Race 5,2025-02-08
2025-02-08,20:37 JOIN THE TIME CLUB A11 SWEEPSTAKE 400yds,Race 6,2025-02-08
2025-02-08,20:56 JOIN THE TIME CLUB A11 SWEEPSTAKE 400yds,Race 7,2025-02-08
2025-02-08,21:14 VISIT US ON INSTAGRAM@ROMFORDDOGS 575yds,Race 8,2025-02-08
2025-02-08,21:32 ROMFORD GREYHOUND OWNERS ASSOCIATION 400yds,Race 9,2025-02-08
2025-02-08,21:48 THE FUTURE OF RACING: PREMIER GREYHOUND RACING TV 400yds,Race 10,2025-02-08
2025-02-08,22:04 DONATE YOUR OLD DUVETS FOR OUR RETIRED GREYHOUNDS 400yds,Race 11,2025-02-08
2025-02-08,22:22 PREMIER GREYHOUND RACING ON GREYHOUNDS.ATTHERACES.COM 575yds,Race 12,2025-02-08
2025-02-08,19:30 Saturday 8th February 280yds,Race 1,2025-02-08
2025-02-08,19:47 www.owlertonstadium.co.uk 500yds,Race 2,2025-02-08
2025-02-08,20:04 Pick Six Jackpot Starts Here 500yds,Race 3,2025-02-08
2025-02-08,20:21 Ado?s Dirty 30 Dogs Derby 500yds,Race 4,2025-02-08
2025-02-08,20:38 In Memory Of Stephen Gorczyca 500yds,Race 5,2025-02-08
2025-02-08,20:55 www.oecsheffield.co.uk 500yds,Race 6,2025-02-08
2025-02-08,21:12 Adopt a Greyhound @ Sheffield Retired Greyhounds 500yds,Race 7,2025-02-08
2025-02-08,21:39 Meet The Stars 280yds,Race 8,2025-02-08
2025-02-08,21:56 The Night Continues @ Napoleons Casino 500yds,Race 9,2025-02-08
2025-02-08,10:32 275mtrs (D1) 275mtrs,Race 1,2025-02-09
2025-02-08,10:48 450mtrs (B6) 450mtrs,Race 2,2025-02-09
2025-02-08,11:04 450mtrs (B6) 450mtrs,Race 3,2025-02-09
2025-02-08,11:21 450mtrs (B6) 450mtrs,Race 4,2025-02-09
2025-02-08,11:38 450mtrs (B2) 450mtrs,Race 5,2025-02-09
2025-02-08,11:54 450mtrs (B5) 450mtrs,Race 6,2025-02-09
2025-02-08,12:12 450mtrs (B4) 450mtrs,Race 7,2025-02-09
2025-02-08,12:29 450mtrs (B2) 450mtrs,Race 8,2025-02-09
2025-02-08,12:46 450mtrs (B3) 450mtrs,Race 9,2025-02-09
2025-02-08,13:03 450mtrs (B3) 450mtrs,Race 10,2025-02-09
2025-02-08,10:41 260mtrs (D4) 260mtrs,Race 1,2025-02-09
2025-02-08,10:57 460mtrs (A4) 460mtrs,Race 2,2025-02-09
2025-02-08,11:13 260mtrs (D2) 260mtrs,Race 3,2025-02-09
2025-02-08,11:29 460mtrs (OR) 460mtrs,Race 4,2025-02-09
2025-02-08,11:47 460mtrs (A2) 460mtrs,Race 5,2025-02-09
2025-02-08,12:04 645mtrs (OR) 645mtrs,Race 6,2025-02-09
2025-02-08,12:21 260mtrs (OR) 260mtrs,Race 7,2025-02-09
2025-02-08,12:38 460mtrs (A3) 460mtrs,Race 8,2025-02-09
2025-02-08,12:54 260mtrs (D2) 260mtrs,Race 9,2025-02-09
2025-02-08,13:12 260mtrs (OR) 260mtrs,Race 10,2025-02-09
2025-02-08,13:29 460mtrs (A1) 460mtrs,Race 11,2025-02-09
2025-02-08,13:47 260mtrs (D3) 260mtrs,Race 12,2025-02-09
2025-02-08,14:03 460mtrs (A2) 460mtrs,Race 13,2025-02-09
2025-02-08,14:18 260mtrs (D3) 260mtrs,Race 14,2025-02-09
2025-02-08,11:01 YARM'TH DOGS 462yds,Race 1,2025-02-09
2025-02-08,11:18 YARM'TH DOGS 462yds,Race 2,2025-02-09
2025-02-08,11:34 YARM'TH DOGS 462yds,Race 3,2025-02-09
2025-02-08,11:52 YARM'TH DOGS 462yds,Race 4,2025-02-09
2025-02-08,12:09 YARM'TH DOGS 462yds,Race 5,2025-02-09
2025-02-08,12:26 YARM'TH DOGS 462yds,Race 6,2025-02-09
2025-02-08,12:42 YARM'TH DOGS 462yds,Race 7,2025-02-09
2025-02-08,12:59 YARM'TH DOGS 659yds,Race 8,2025-02-09
2025-02-08,13:17 ENERGY CRISIS CENTENNIAL CLUB RACE TROPHY 462yds,Race 9,2025-02-09
2025-02-08,13:33 YARM'TH DOGS 462yds,Race 10,2025-02-09
2025-02-08,13:51 YARM'TH DOGS 462yds,Race 11,2025-02-09
2025-02-08,14:07 YARM'TH DOGS 462yds,Race 12,2025-02-09
2025-02-08,11:09 Sunderland vs Newcastle Inter-Track 450yds,Race 1,2025-02-09
2025-02-08,11:27 Book online @ Sunderland-Greyhounds.co.uk Stakes 450yds,Race 2,2025-02-09
2025-02-08,11:43 Watch PGR @ Greyhounds.attheraces.com 450yds,Race 3,2025-02-09
2025-02-08,12:01 Sunderland vs Newcastle Inter-Track 450yds,Race 4,2025-02-09
2025-02-08,12:18 The Future of Racing: PGR TV Stakes 261yds,Race 5,2025-02-09
2025-02-08,12:34 Retired Greyhounds Make Great Pets Stakes 261yds,Race 6,2025-02-09
2025-02-08,12:51 Sunderland vs Newcastle Inter-Track 450yds,Race 7,2025-02-09
2025-02-08,13:08 Sunday Roast Lunch at Sunderland Dogs Stakes 450yds,Race 8,2025-02-09
2025-02-08,13:26 Friday Night Winning Deal @ Sunderland Dogs Stakes 450yds,Race 9,2025-02-09
2025-02-08,13:42 Raise Money with Fund Racer from Sunderland Dogs Stakes 450yds,Race 10,2025-02-09
2025-02-08,13:59 Durham & District Retired Greyhounds Stakes 450yds,Race 11,2025-02-09
2025-02-08,14:14 Friday Night Executive Boxes @ Sunderland Dogs Stakes 450yds,Race 12,2025-02-09
2025-02-08,14:26 525 yds (A7) 525yds,Race 1,2025-02-08
2025-02-08,14:44 525 yds (A4) 525yds,Race 2,2025-02-08
2025-02-08,15:03 525 yds (A5) 525yds,Race 3,2025-02-08
2025-02-08,15:22 550 yds (A3) 550yds,Race 4,2025-02-08
2025-02-08,15:41 525 yds (A7) 525yds,Race 5,2025-02-08
2025-02-08,15:59 525 yds (A2) 525yds,Race 6,2025-02-08
2025-02-08,16:18 525 yds (A5) 525yds,Race 7,2025-02-08
2025-02-08,16:37 525 yds (A7) 525yds,Race 8,2025-02-08
2025-02-08,16:56 525 yds (A6) 525yds,Race 9,2025-02-08
2025-02-08,17:14 525 yds (A6) 525yds,Race 10,2025-02-08
2025-02-08,17:29 525 yds (A3) 525yds,Race 11,2025-02-08
2025-02-08,17:46 525 yds (A4) 525yds,Race 12,2025-02-08
2025-02-08,R1 Royal Hotel Blayney Pace,Race 1,2025-02-09
2025-02-08,R2 Tattersall's Hotel Blayney Pace,Race 2,2025-02-09
2025-02-08,R3 Blayney Newsagency Pace,Race 3,2025-02-09
2025-02-08,R4 Blayney Concrete Pace,Race 4,2025-02-09
2025-02-08,R5 Kriden Farms Heat 1,Race 5,2025-02-09
2025-02-08,R6 Kriden Farms Heat 2,Race 6,2025-02-09
2025-02-08,R7 Blayney Pharmacy Peter Marshall Memorial Prelude,Race 7,2025-02-09
2025-02-08,R8 Download The Tab App Today Pace,Race 8,2025-02-09
2025-02-08,R1 Dawsons Funeral Home Ms Pace,Race 1,2025-02-09
2025-02-08,R2 Elders Williams Pace Ms Pace,Race 2,2025-02-09
2025-02-08,R3 Bill Steer Memorial Ms Pace,Race 3,2025-02-09
2025-02-08,R4 Jimmy Draper Memorial Ms Pace,Race 4,2025-02-09
2025-02-08,R5 Wiilliams Woolshed Ms Pace,Race 5,2025-02-09
2025-02-08,R6 Williams Rural Supplies Ms Pace,Race 6,2025-02-09
2025-02-08,R1 Ladbrokes Mates Mode Hosted Pots Pace (Sky 2),Race 1,2025-02-09
2025-02-08,R2 Neil & Helen Shepherd Pace (Sky 2),Race 2,2025-02-09
2025-02-08,R3 Luke & Dana Mulraney Pace (Sky 2),Race 3,2025-02-09
2025-02-08,R4 Green Triangle Livestock & Real Estate Pace (Sky 2),Race 4,2025-02-09
2025-02-08,R5 Brent & Anita Howard Trotters Mobile (Sky 2),Race 5,2025-02-09
2025-02-08,R6 Chris & Bill Drury Pace (Sky 2),Race 6,2025-02-09
2025-02-08,R1 Lerida Estate Winery Pace,Race 1,2025-02-09
2025-02-08,R2 Oskar Memorials Pace,Race 2,2025-02-09
2025-02-08,R3 Glen Mia Saddlery (Act) Pace,Race 3,2025-02-09
2025-02-08,R4 Tab.com.au Pace,Race 4,2025-02-09
2025-02-08,R5 Av Stone Marble & Granite Pace,Race 5,2025-02-09
2025-02-08,R6 Mga Insurance Group Pace,Race 6,2025-02-09
2025-02-08,R1 Beverford Motors Pace,Race 1,2025-02-09
2025-02-08,R2 Wood's Computers Swan Hill Pace,Race 2,2025-02-09
2025-02-08,R3 Mallee Pedorthics & Shoe Repairs Pace,Race 3,2025-02-09
2025-02-08,R4 The Biggest Lollie Shop In The World Pace (1St Heat),Race 4,2025-02-09
2025-02-08,R5 Sun Centre Travel Swan Hill Pace (2Nd Heat),Race 5,2025-02-09
2025-02-08,R6 Arthur Graham Life Member Battlers In The Bush Maiden Pace,Race 6,2025-02-09
2025-02-08,R7 Richard (Dick) Pywell Life Member Trot,Race 7,2025-02-09
2025-02-08,R1 Life Members Mobile Pace,Race 1,2025-02-08
2025-02-08,R2 Southland Vehicle Sales Mobile Pace,Race 2,2025-02-08
2025-02-08,R3 Sbsr/Diamond Creek Caduceus 3Yf Sorority Mbl Pce,Race 3,2025-02-09
2025-02-08,R4 Merinai Farm/Michelle Caig Breeding Trot,Race 4,2025-02-09
2025-02-08,R5 Otautau Vets Mobile Pace,Race 5,2025-02-09
2025-02-08,R6 Night 'N Day Winton Mobile Pace,Race 6,2025-02-09
2025-02-08,R7 Wilbur Ellis Nz Ltd Gold Chip Final Hcp Trot,Race 7,2025-02-09
2025-02-08,R8 Transport Services Ltd Mobile Pace,Race 8,2025-02-09
2025-02-08,R9 Southern St'bred Sthn Belle Speed Series Mbl Pce,Race 9,2025-02-09
2025-02-08,R10 Highway Services Handicap Trot,Race 10,2025-02-09
2025-02-08,R11 Otautau Four Square Wairio Cup Handicap Pace,Race 11,2025-02-09
2025-02-08,R12 Macca Lodge Mobile Pace,Race 12,2025-02-09
2025-02-08,R1 Rakaia Seed Cleaning Trot,Race 1,2025-02-08
2025-02-08,R2 Peter Craig Memorial Mobile Pace,Race 2,2025-02-08
2025-02-08,R3 East West Fencing Pace,Race 3,2025-02-09
2025-02-08,R4 Fiona Stuart Memorial Mobile Pace,Race 4,2025-02-09
2025-02-08,"R5 John Morrison, Ken Mcrae & Dave Mchugh Trot",Race 5,2025-02-09
2025-02-08,R6 Arxada Nz Ltd/Revell Douglas Memorial Pace,Race 6,2025-02-09
2025-02-08,R7 Garrards Horse & Hound Hororata Cup (Hcp Pace),Race 7,2025-02-09
2025-02-08,R8 The Hamish Scott & Kim Lawson Mobile Pace,Race 8,2025-02-09
2025-02-08,R9 Nufarm Nz Ltd Trot,Race 9,2025-02-09
2025-02-08,R10 Bayer Nz Ltd Mobile Pace,Race 10,2025-02-09
2025-02-08,R4 Margaretas Tidiga Unghastserie - Fyraaringslopp Hingstar/Val,Race 4,2025-02-08
2025-02-08,R5 First Rodeo - Stl Silverdivisionen  Final I Meeting 1,Race 5,2025-02-08
2025-02-08,R6 Salladsmagasinet - Stl Klass Iii  Final Meeting 1,Race 6,2025-02-08
2025-02-08,R1 Race 1,Race 1,2025-02-09
2025-02-08,R2 P21-Lopp,Race 2,2025-02-09
2025-02-08,R3 Sleipner Bollnas Manadstacke - Stolopp,Race 3,2025-02-09
2025-02-08,R4 Race 4,Race 4,2025-02-09
2025-02-08,R5 Race 5,Race 5,2025-02-09
2025-02-08,R6 Race 6,Race 6,2025-02-09
2025-02-08,R7 Race 7,Race 7,2025-02-09
2025-02-08,R8 Wangen Cup - Larlingslopp,Race 8,2025-02-09
2025-02-08,R9 Race 9,Race 9,2025-02-09
2025-02-08,R3 Prix D'arbois - Attele,Race 3,2025-02-08
2025-02-08,R4 Prix D'arzano - Attele,Race 4,2025-02-08
2025-02-08,R5 Prix D'aubin - Attele,Race 5,2025-02-08
2025-02-08,R6 Prix D'aubagne - Attele,Race 6,2025-02-08
2025-02-08,R7 Prix D'astaffort - Attele,Race 7,2025-02-08
2025-02-08,R1 Race 1 - 1609M,Race 1,2025-02-08
2025-02-08,R2 Race 2 - 1609M,Race 2,2025-02-09
2025-02-08,R3 Race 3 - 1609M,Race 3,2025-02-09
2025-02-08,R4 Race 4 - 1609M,Race 4,2025-02-09
2025-02-08,R5 Race 5 - 1609M,Race 5,2025-02-09
2025-02-08,R6 Race 6 - 1609M,Race 6,2025-02-09
2025-02-08,R7 Race 7 - 1609M,Race 7,2025-02-09
2025-02-08,R8 Race 8 - 1609M,Race 8,2025-02-09
2025-02-08,R9 Race 9 - 1609M,Race 9,2025-02-09
2025-02-08,R10 Race 10 - 1609M,Race 10,2025-02-09
2025-02-08,R11 Race 11 - 1609M,Race 11,2025-02-09
2025-02-08,R1 Flamboro Downs,Race 1,2025-02-08
2025-02-08,R2 Flamboro Downs,Race 2,2025-02-08
2025-02-08,R3 Flamboro Downs,Race 3,2025-02-09
2025-02-08,R4 Flamboro Downs,Race 4,2025-02-09
2025-02-08,R5 Flamboro Downs,Race 5,2025-02-09
2025-02-08,R6 Flamboro Downs,Race 6,2025-02-09
2025-02-08,R7 Flamboro Downs,Race 7,2025-02-09
2025-02-08,R8 Race 8 - 1609M,Race 8,2025-02-09
2025-02-08,R1 Northfield Park - Pace,Race 1,2025-02-08
2025-02-08,R2 Northfield Park - Pace,Race 2,2025-02-08
2025-02-08,R3 Northfield Park - Pace,Race 3,2025-02-08
2025-02-08,R4 Northfield Park - Pace,Race 4,2025-02-09
2025-02-08,R5 Northfield Park - Pace,Race 5,2025-02-09
2025-02-08,R6 Northfield Park - Trot,Race 6,2025-02-09
2025-02-08,R7 Northfield Park - Pace,Race 7,2025-02-09
2025-02-08,R8 Race 8 - 1609M,Race 8,2025-02-09
2025-02-08,R9 Race 9 - 1609M,Race 9,2025-02-09
2025-02-08,R10 Race 10 - 1609M,Race 10,2025-02-09
2025-02-08,R11 Race 11 - 1609M,Race 11,2025-02-09
2025-02-08,R12 Race 12 - 1609M,Race 12,2025-02-09
2025-02-08,R13 Race 13 - 1609M,Race 13,2025-02-09
2025-02-08,R14 Race 14 - 1609M,Race 14,2025-02-09
2025-02-08,R15 Race 15 - 1609M,Race 15,2025-02-09
2025-02-08,R1 Meadowlands - Trot,Race 1,2025-02-08
2025-02-08,R2 Meadowlands - Pace,Race 2,2025-02-08
2025-02-08,R3 Meadowlands - Pace,Race 3,2025-02-09
2025-02-08,R4 Meadowlands - Pace,Race 4,2025-02-09
2025-02-08,R5 Meadowlands - Pace,Race 5,2025-02-09
2025-02-08,R6 Meadowlands - Pace,Race 6,2025-02-09
2025-02-08,R7 Race 7 - 1609M,Race 7,2025-02-09
2025-02-08,R8 Race 8 - 1609M,Race 8,2025-02-09
2025-02-08,R9 Race 9 - 1609M,Race 9,2025-02-09
2025-02-08,R10 Race 10 - 1609M,Race 10,2025-02-09
2025-02-08,R11 Race 11 - 1609M,Race 11,2025-02-09
2025-02-08,R12 Race 12 - 1609M,Race 12,2025-02-09
2025-02-08,R13 Race 13 - 1609M,Race 13,2025-02-09
2025-02-08,R14 Race 14 - 1609M,Race 14,2025-02-09
2025-02-08,R1 Race 1 - 1609M,Race 1,2025-02-08
2025-02-08,R2 Race 2 - 1609M,Race 2,2025-02-08
2025-02-08,R3 Race 3 - 1609M,Race 3,2025-02-09
2025-02-08,R4 Race 4 - 1609M,Race 4,2025-02-09
2025-02-08,R5 Race 5 - 1609M,Race 5,2025-02-09
2025-02-08,R6 Race 6 - 1609M,Race 6,2025-02-09
2025-02-08,R7 Race 7 - 1609M,Race 7,2025-02-09
2025-02-08,R8 Race 8 - 1609M,Race 8,2025-02-09
2025-02-08,R9 Race 9 - 1609M,Race 9,2025-02-09
2025-02-08,R10 Race 10 - 1609M,Race 10,2025-02-09
